/*
this script creates 6 tables: products, suppliers, users, transactions, transactionlines, runningnumbers
products contains products details, quantities and recommended supplier which is linked to suppliers
transactions is the header table for transactionlists, contains created_by which is username and created_for which can be used to store customer and supplier name
transactionlists has 2 primary keys, transaction_no and line_no
runningnumbers contain the latest/currently highest id number for each table
*/

CREATE SCHEMA `stockist4` ;

CREATE TABLE `stockist4`.`products` (
`product_no` VARCHAR(5) NOT NULL,
`product_description` VARCHAR(255) NULL,
`dimension` VARCHAR(255) NULL,
`manufacturer` VARCHAR(16) NULL,
`reorder_qty` INT NULL,
`min_qty` INT NULL, 
`onhand_qty` VARCHAR(45) NULL,
`shelf_location` VARCHAR(16) NULL,
`primary_supplier` VARCHAR(5) NULL, 
`price` DECIMAL(10,2) NULL, 
`record_status` INT NULL, 
PRIMARY KEY (`product_no`));


CREATE TABLE `stockist4`.`transactionlines` (
`transaction_no` VARCHAR(5) NOT NULL,
`line_no` INT NOT NULL,
`product_no` VARCHAR(5) NULL,
`posted_qty` INT NULL,
PRIMARY KEY (`transaction_no`, `line_no`));

CREATE TABLE `stockist4`.`runningnumbers` (
`name` VARCHAR(16) NOT NULL,
`value` INT NOT NULL,
PRIMARY KEY (`name`));


CREATE TABLE `stockist4`.`transactions` (
`transaction_no` VARCHAR(5) NOT NULL,
`transaction_date` DATETIME NULL,
`transaction_type` VARCHAR(5) NULL,
`created_by` VARCHAR(16) NULL,
`created_for` VARCHAR(255) NULL, 
PRIMARY KEY (`transaction_no`));


CREATE TABLE `stockist4`.`users` (
`user` VARCHAR(16) NOT NULL,
`password` VARCHAR(255) NULL,
`user_role` VARCHAR(13) NULL,
  PRIMARY KEY (`user`));


CREATE TABLE `stockist4`.`suppliers` (
`supplier_no` VARCHAR(5) NOT NULL,
`supplier_name` VARCHAR(255) NULL,
`supplier_contact` VARCHAR(255) NULL, 
`supplier_email` VARCHAR(255) NULL,  
`record_status` INT NULL, 
PRIMARY KEY (`supplier_no`));

ALTER TABLE `stockist4`.`transactions` 
ADD INDEX `users_transactions_idx` (`created_by` ASC);
ALTER TABLE `stockist4`.`transactions` 
ADD CONSTRAINT `users_transactions`
FOREIGN KEY (`created_by`)  
REFERENCES `stockist4`.`users` (`user`);

ALTER TABLE `stockist4`.`transactionlines` 
ADD CONSTRAINT `transactions_transactionlines`  
FOREIGN KEY (`transaction_no`)  
REFERENCES `stockist4`.`transactions` (`transaction_no`);

ALTER TABLE `stockist4`.`transactionlines` 
ADD INDEX `products_transactionlines_idx` (`product_no` ASC);
ALTER TABLE `stockist4`.`transactionlines` 
ADD CONSTRAINT `products_transactionlines`  
FOREIGN KEY (`product_no`)  
REFERENCES `stockist4`.`products` (`product_no`) ;

ALTER TABLE `stockist4`.`products` 
ADD INDEX `suppliers_products_idx` (`primary_supplier` ASC);
ALTER TABLE `stockist4`.`products` 
ADD CONSTRAINT `suppliers_products`  
FOREIGN KEY (`primary_supplier`)  
REFERENCES `stockist4`.`suppliers` (`supplier_no`);

INSERT INTO `stockist4`.`users` VALUES 
('admin','admin','ROLE_ADMIN'),
('admin1','admin1','ROLE_ADMIN'),
('mech1','mech1','ROLE_MECHANIC'),
('mech2','mech2','ROLE_MECHANIC'),
('mech3','mech3','ROLE_MECHANIC'),
('mech4','mech4','ROLE_MECHANIC');


INSERT INTO `stockist4`.`suppliers` (supplier_no,supplier_name,supplier_contact,supplier_email,record_status) VALUES 
('S0001','TOYOTA JAPAN','homozoki noriba','homozoki_noriba@toyota_japan.com.jp',1),
('S0002','TOYOTA APAC','cheryl lim','cheryl_lim@toyota_apac.com',1),
('S0003','NISSAN JAPAN','gotham seethee','gotham_seethee@nissan_japan.com.jp',1),
('S0004','NISSAN APAC','jack sparrow','jack_sparrow@nissan_apac.com',1),
('S0005','MAZDA JAPAN','pokema calamansi','pokema_calamansi@mazda_japan.com.jp',1),
('S0006','MAZDA APAC','jurontoe polawaski','jurontoe_polawaski@mazda_apac.com',1),
('S0007','HONDA HEADQUARTERS','folton rubber','folton_rubber@honda_headquarters.com',1),
('S0008','HONDA ASIA PACIFIC PTE LTD','piecas ovesheet','piecas_ovesheet@honda_asia_pacific_pte_ltd.com',1),
('S0009','HAPPY AND OILY','grimer dues','happyandoily@gmail.com',1),
('S0010','HOUSE OF MIRRORS','lorstfor eva','houseofmirrors@yahoo.com.sg',1),
('S0011','MITSUBISHI','alex chua','alex_chua@goldbellcorp.com',1),
('S0012','LEXUS','bizkit fectori','bizkit.fectori@lexus.com',1),
('S0013','SUBARU','zubalt roo','zulbat_roo@subaru.com',1),
('S0014','SUZUKI','samurai nolonger','samurai_nolonger@suzuki.com',1),
('S0015','HINO','hippo potamus','hippo@hino.com.jp',1),
('S0016','DAIHATSU','die hardersoo','die_hardersoo@daihatsu.com',1);



INSERT INTO `stockist4`.`products` (product_no,product_description,dimension,manufacturer,reorder_qty,min_qty,onhand_qty,shelf_location,primary_supplier,price,record_status) VALUES 
('P0001','OIL','NA','NA',60,600,92,'ONSITE','S0009',10.2,1),
('P0002','OIL FILTER','NA','NA',10,100,199,'ONSITE','S0009',10.4,1),
('P0003','LUBRICANT OIL','NA','NA',47,470,63,'ONSITE','S0009',18.4,1),
('P0004','LUBRICANT GEL','NA','NA',18,180,197,'ONSITE','S0009',25.4,1),
('P0005','BULB','NA','NA',49,490,92,'ONSITE','S0009',26.4,1),
('P0006','RADIO','NA','NA',8,80,89,'ONSITE','S0009',33.4,1),
('P0007','STEERING FLUID','NA','NA',20,200,155,'ONSITE','S0009',39.4,1),
('P0008','BRAKE OIL','NA','NA',33,330,472,'ONSITE','S0009',41.4,1),
('P0009','FRONT MIRROR','5X5','NA',5,50,45,'ONSITE','S0010',46.4,1),
('P0010','REAR MIRROR','4X4','NA',41,410,514,'ONSITE','S0010',50.4,1),
('P0011','SIDE MIRROR','3X3','NA',8,80,79,'ONSITE','S0010',52.4,1),
('P0012','CUSTOM MIRROR','2X2','NA',22,220,267,'ONSITE','S0010',57.3,1),
('P0013','WAX','NA','NA',11,110,46,'ONSITE','S0009',63.4,1),
('P0014','RADIATOR','NA','NA',6,60,92,'ONSITE','S0009',72.4,1),
('P0015','COOLANT','NA','NA',120,1200,419,'ONSITE','S0009',74.4,1),
('P0016','BOLTS 1.1','1.1','TOYOTA',5,12,65,'STORE','S0001',82.4,1),
('P0017','BOLTS 1.2','1.2','TOYOTA',5,6,23,'STORE','S0001',89.4,1),
('P0018','BOLTS 1.3','1.3','TOYOTA',4,44,224,'STORE','S0001',99.4,1),
('P0019','BOLTS 2.1','2.1','TOYOTA',4,38,80,'STORE','S0001',104.4,1),
('P0020','BOLTS 2.2','2.2','TOYOTA',5,14,33,'STORE','S0001',106.4,1),
('P0021','GEAR','4X2','TOYOTA',5,23,120,'STORE','S0001',107.4,1),
('P0022','GEAR','4X3','TOYOTA',4,37,78,'STORE','S0002',116.4,1),
('P0023','GEAR','4X4','TOYOTA',4,35,34,'STORE','S0001',122.4,1),
('P0024','GEAR','4X5','TOYOTA',3,31,65,'STORE','S0001',131.6,1),
('P0025','WINDSCREEN','10X2','TOYOTA',5,10,45,'STORE','S0001',136.4,1),
('P0026','WINDSCREEN B','10X4','TOYOTA',5,5,15,'STORE','S0002',137.4,1),
('P0027','WINDSCREEN C','10X6','TOYOTA',5,15,20,'STORE','S0001',140.4,1),
('P0028','FRONT TYRE','20','TOYOTA',4,40,84,'STORE','S0001',149.4,1),
('P0029','FRONT TYRE','25','TOYOTA',3,28,115,'STORE','S0001',156.4,1),
('P0030','FRONT TYRE','30','TOYOTA',5,47,146,'STORE','S0001',163.4,1),
('P0031','REAR TYRE','25','TOYOTA',5,9,41,'STORE','S0001',168.4,1),
('P0032','REAR TYRE','30','TOYOTA',3,26,107,'STORE','S0001',131.6,1),
('P0033','SEAT LEATHER CASING','NA','TOYOTA',5,16,69,'STORE','S0001',131.6,1),
('P0034','STEERING WHEEL','NA','TOYOTA',3,27,111,'STORE','S0001',131.6,1),
('P0035','SPRING BOLT','NA','TOYOTA',5,22,115,'STORE','S0001',131.6,1),
('P0036','BRAKE PAD','NA','TOYOTA',4,43,176,'STORE','S0001',131.6,1),
('P0037','SPARK PLUG','NA','TOYOTA',4,43,219,'STORE','S0001',131.6,1),
('P0038','SHOCK ABSORBER','NA','TOYOTA',5,1,10,'STORE','S0001',131.6,1),
('P0039','SUSPENSION ARM','NA','TOYOTA',3,31,65,'STORE','S0001',131.8,1),
('P0040','SUSPENSION JOINT','NA','TOYOTA',4,36,184,'STORE','S0001',131.6,1),
('P0041','SPRING','NA','TOYOTA',5,5,25,'STORE','S0001',131.6,1),
('P0042','CLUTCH','NA','TOYOTA',5,46,235,'STORE','S0001',131.6,1),
('P0043','CLUTCH CABLE','NA','TOYOTA',3,31,34,'STORE','S0001',52.4,1),
('P0044','DRIVESHAFT','NA','TOYOTA',4,39,82,'STORE','S0001',57.4,1),
('P0045','COMPRESSOR','NA','TOYOTA',5,5,20,'STORE','S0001',63.4,1),
('P0046','EXPANSION TANK','1X1','TOYOTA',4,44,224,'STORE','S0001',72.4,1),
('P0047','EXPANSION TANK B','2X2','TOYOTA',3,25,28,'STORE','S0001',74.4,1),
('P0048','EXPANSION TANK C','1X2','TOYOTA',5,3,2,'STORE','S0001',82.4,1),
('P0049','DRIVING BELT','NA','TOYOTA',5,8,21,'STORE','S0001',89.4,1),
('P0050','DRUM BRAKE','NA','TOYOTA',5,13,57,'STORE','S0001',99.4,1),
('P0051','BRAKE DISC','NA','TOYOTA',4,38,118,'STORE','S0001',104.4,1),
('P0052','BRAKE SHOE','NA','TOYOTA',5,7,26,'STORE','S0001',106.4,1),
('P0053','SENSOR','NA','TOYOTA',3,34,105,'STORE','S0001',107.4,1),
('P0054','TAILGATE','1X2','TOYOTA',5,3,17,'STORE','S0001',116.4,1),
('P0055','TAILGATE MEDIUM','1X3','TOYOTA',4,42,214,'STORE','S0001',122.4,1),
('P0056','TAILGATE LARGE','2X4','TOYOTA',5,4,17,'STORE','S0001',131.4,1),
('P0057','BATTERY','NA','TOYOTA',5,2,7,'STORE','S0001',136.4,1),
('P0058','STARTER MOTOR','NA','TOYOTA',5,8,13,'STORE','S0001',137.4,1),
('P0059','GRILLES','NA','TOYOTA',5,22,115,'STORE','S0001',140.4,1),
('P0060','THERMOSTAT','NA','TOYOTA',5,7,12,'STORE','S0001',149.4,1),
('P0061','FUEL INJECTOR','NA','TOYOTA',3,28,31,'STORE','S0001',156.4,1),
('P0062','TIMING BELT','NA','TOYOTA',3,28,59,'STORE','S0001',163.4,1),
('P0063','FLYWHEELS','NA','TOYOTA',5,4,9,'STORE','S0001',168.4,1),
('P0064','BOLTS 1.1','1.1','MAZDA',5,14,33,'STORE','S0005',172.4,1),
('P0065','BOLTS 1.2','1.2','MAZDA',4,41,168,'STORE','S0005',10.2,1),
('P0066','BOLTS 1.3','1.3','MAZDA',4,37,41,'STORE','S0005',10.8,1),
('P0067','BOLTS 2.1','2.1','MAZDA',5,47,52,'STORE','S0005',18.9,1),
('P0068','BOLTS 2.2','2.2','MAZDA',4,44,224,'STORE','S0005',25.4,1),
('P0069','GEAR','4X2','MAZDA',5,48,53,'STORE','S0005',26.4,1),
('P0070','WINDSCREEN','10X2','MAZDA',5,12,65,'STORE','S0005',33.4,1),
('P0071','FRONT TYRE','20','MAZDA',5,24,29,'STORE','S0005',39.4,1),
('P0072','REAR TYRE','25','MAZDA',4,40,44,'STORE','S0005',41.4,1),
('P0073','SEAT LEATHER CASING','NA','MAZDA',3,31,30,'STORE','S0005',46.4,1),
('P0074','STEERING WHEEL','NA','MAZDA',5,5,15,'STORE','S0005',50.4,1),
('P0075','SPRING BOLT','NA','MAZDA',5,20,25,'STORE','S0005',52.4,1),
('P0076','BRAKE PAD','NA','MAZDA',3,32,131,'STORE','S0005',57.4,1),
('P0077','SPARK PLUG','NA','MAZDA',4,43,176,'STORE','S0005',10.8,1),
('P0078','SHOCK ABSORBER','NA','MAZDA',5,4,17,'STORE','S0005',18.9,1),
('P0079','SUSPENSION ARM','NA','MAZDA',5,4,13,'STORE','S0005',74.4,1),
('P0080','SUSPENSION JOINT','NA','MAZDA',4,39,43,'STORE','S0005',82.4,1),
('P0081','SPRING','NA','MAZDA',5,11,27,'STORE','S0005',89.4,1),
('P0082','CLUTCH','NA','MAZDA',5,24,77,'STORE','S0005',99.4,1),
('P0083','CLUTCH CABLE','NA','MAZDA',5,19,100,'STORE','S0005',104.4,1),
('P0084','DRIVESHAFT','NA','MAZDA',4,39,199,'STORE','S0005',106.4,1),
('P0085','COMPRESSOR','NA','MAZDA',5,16,21,'STORE','S0005',107.4,1),
('P0086','EXPANSION TANK','1X1','MAZDA',3,30,153,'STORE','S0005',116.4,1),
('P0087','DRIVING BELT','NA','MAZDA',5,13,70,'STORE','S0005',122.4,1),
('P0088','DRUM BRAKE','NA','MAZDA',3,34,173,'STORE','S0005',131.4,1),
('P0089','BRAKE DISC','NA','MAZDA',3,29,90,'STORE','S0005',136.4,1),
('P0090','BRAKE SHOE','NA','MAZDA',3,30,63,'STORE','S0005',10.8,1),
('P0091','SENSOR','NA','MAZDA',5,1,6,'STORE','S0005',18.9,1),
('P0092','TAILGATE','1X2','MAZDA',5,15,80,'STORE','S0005',149.4,1),
('P0093','BATTERY','NA','MAZDA',4,38,118,'STORE','S0005',156.4,1),
('P0094','STARTER MOTOR','NA','MAZDA',5,12,41,'STORE','S0005',163.4,1),
('P0095','GRILLES','NA','MAZDA',3,33,102,'STORE','S0005',168.4,1),
('P0096','THERMOSTAT','NA','MAZDA',5,11,16,'STORE','S0005',172.4,1),
('P0097','FUEL INJECTOR','NA','MAZDA',5,14,47,'STORE','S0005',10.2,1),
('P0098','TIMING BELT','NA','MAZDA',4,44,43,'STORE','S0005',10.4,1),
('P0099','FLYWHEELS','NA','MAZDA',5,15,80,'STORE','S0005',18.4,1),
('P0100','BOLTS 1.1','1.1','HONDA',3,29,90,'STORE','S0007',25.4,1),
('P0101','BOLTS 1.2','1.2','HONDA',4,41,86,'STORE','S0007',26.4,1),
('P0102','BOLTS 1.3','1.3','HONDA',5,3,17,'STORE','S0007',10.8,1),
('P0103','BOLTS 2.1','2.1','HONDA',4,41,209,'STORE','S0007',18.9,1),
('P0104','BOLTS 2.2','2.2','HONDA',5,3,11,'STORE','S0007',41.4,1),
('P0105','GEAR','4X2','HONDA',4,37,115,'STORE','S0007',46.4,1),
('P0106','WINDSCREEN','10X2','HONDA',5,24,125,'STORE','S0007',50.4,1),
('P0107','FRONT TYRE','20','HONDA',5,4,25,'STORE','S0007',52.4,1),
('P0108','REAR TYRE','25','HONDA',5,45,230,'STORE','S0007',57.4,1),
('P0109','SEAT LEATHER CASING','NA','HONDA',4,41,86,'STORE','S0007',63.4,1),
('P0110','STEERING WHEEL','NA','HONDA',5,50,255,'STORE','S0007',72.4,1),
('P0111','SPRING BOLT','NA','HONDA',5,49,152,'STORE','S0007',74.4,1),
('P0112','BRAKE PAD','NA','HONDA',3,34,37,'STORE','S0007',82.4,1),
('P0113','SPARK PLUG','NA','HONDA',3,26,81,'STORE','S0007',10.8,1),
('P0114','SHOCK ABSORBER','NA','HONDA',3,31,34,'STORE','S0007',18.9,1),
('P0115','SUSPENSION ARM','NA','HONDA',3,34,71,'STORE','S0007',104.4,1),
('P0116','SUSPENSION JOINT','NA','HONDA',5,6,23,'STORE','S0007',106.4,1),
('P0117','SPRING','NA','HONDA',5,13,44,'STORE','S0007',107.4,1),
('P0118','CLUTCH','NA','HONDA',5,10,45,'STORE','S0007',116.4,1),
('P0119','CLUTCH CABLE','NA','HONDA',5,10,25,'STORE','S0007',122.4,1),
('P0120','DRIVESHAFT','NA','HONDA',5,11,38,'STORE','S0007',131.4,1),
('P0121','COMPRESSOR','NA','HONDA',5,45,95,'STORE','S0007',136.4,1),
('P0122','EXPANSION TANK','1X1','HONDA',3,25,53,'STORE','S0007',137.4,1),
('P0123','DRIVING BELT','NA','HONDA',5,5,4,'STORE','S0007',140.4,1),
('P0124','DRUM BRAKE','NA','HONDA',5,49,201,'STORE','S0007',149.4,1),
('P0125','BRAKE DISC','NA','HONDA',5,10,15,'STORE','S0007',156.4,1),
('P0126','BRAKE SHOE','NA','HONDA',5,8,37,'STORE','S0007',163.4,1),
('P0127','SENSOR','NA','HONDA',5,21,47,'STORE','S0007',168.4,1),
('P0128','TAILGATE','1X2','HONDA',3,26,133,'STORE','S0007',172.4,1),
('P0129','BATTERY','NA','HONDA',4,38,42,'STORE','S0007',10.2,1),
('P0130','STARTER MOTOR','NA','HONDA',5,1,6,'STORE','S0007',10.4,1),
('P0131','GRILLES','NA','HONDA',5,10,35,'STORE','S0007',10.8,1),
('P0132','THERMOSTAT','NA','HONDA',3,30,63,'STORE','S0007',18.9,1),
('P0133','FUEL INJECTOR','NA','HONDA',3,25,103,'STORE','S0007',26.4,1),
('P0134','TIMING BELT','NA','HONDA',5,16,21,'STORE','S0007',33.4,1),
('P0135','FLYWHEELS','NA','HONDA',5,23,28,'STORE','S0007',39.4,1),
('P0136','BOLTS 1.1','1.1','NISSAN',3,27,111,'STORE','S0003',41.4,1),
('P0137','BOLTS 1.2','1.2','NISSAN',5,24,29,'STORE','S0003',46.4,1),
('P0138','BOLTS 1.3','1.3','NISSAN',5,45,140,'STORE','S0003',50.4,1),
('P0139','BOLTS 2.1','2.1','NISSAN',5,17,73,'STORE','S0003',52.4,1),
('P0140','BOLTS 2.2','2.2','NISSAN',5,2,7,'STORE','S0003',57.4,1),
('P0141','GEAR','4X2','NISSAN',5,21,47,'STORE','S0003',10.8,1),
('P0142','WINDSCREEN','10X2','NISSAN',4,35,109,'STORE','S0004',18.9,1),
('P0143','FRONT TYRE','20','NISSAN',5,11,49,'STORE','S0003',74.4,1),
('P0144','REAR TYRE','25','NISSAN',5,45,140,'STORE','S0003',82.4,1),
('P0145','SEAT LEATHER CASING','NA','NISSAN',5,17,56,'STORE','S0003',89.4,1),
('P0146','STEERING WHEEL','NA','NISSAN',3,28,87,'STORE','S0003',99.4,1),
('P0147','SPRING BOLT','NA','NISSAN',3,26,107,'STORE','S0003',104.4,1),
('P0148','BRAKE PAD','NA','NISSAN',3,25,24,'STORE','S0003',106.4,1),
('P0149','SPARK PLUG','NA','NISSAN',5,7,33,'STORE','S0003',107.4,1),
('P0150','SHOCK ABSORBER','NA','NISSAN',5,21,89,'STORE','S0003',116.4,1),
('P0151','SUSPENSION ARM','NA','NISSAN',5,7,33,'STORE','S0003',122.4,1),
('P0152','SUSPENSION JOINT','NA','NISSAN',5,1,7,'STORE','S0003',131.4,1),
('P0153','SPRING','NA','NISSAN',5,1,7,'STORE','S0003',136.4,1),
('P0154','CLUTCH','NA','NISSAN',4,35,144,'STORE','S0003',10.8,1),
('P0155','CLUTCH CABLE','NA','NISSAN',5,5,15,'STORE','S0003',18.9,1),
('P0156','DRIVESHAFT','NA','NISSAN',5,16,37,'STORE','S0003',149.4,1),
('P0157','COMPRESSOR','NA','NISSAN',4,43,219,'STORE','S0003',156.4,1),
('P0158','EXPANSION TANK','1X1','NISSAN',3,30,33,'STORE','S0003',163.4,1),
('P0159','DRIVING BELT','NA','NISSAN',4,41,45,'STORE','S0003',168.4,1),
('P0160','DRUM BRAKE','NA','NISSAN',5,18,23,'STORE','S0003',172.4,1),
('P0161','BRAKE DISC','NA','NISSAN',5,1,10,'STORE','S0003',10.2,1),
('P0162','BRAKE SHOE','NA','NISSAN',5,15,20,'STORE','S0004',10.4,1),
('P0163','SENSOR','NA','NISSAN',3,32,35,'STORE','S0003',18.4,1),
('P0164','TAILGATE','1X2','NISSAN',5,11,49,'STORE','S0003',25.4,1),
('P0165','BATTERY','NA','NISSAN',5,46,189,'STORE','S0003',26.4,1),
('P0166','STARTER MOTOR','NA','NISSAN',3,34,173,'STORE','S0003',33.4,1),
('P0167','GRILLES','NA','NISSAN',4,42,172,'STORE','S0003',10.8,1),
('P0168','THERMOSTAT','NA','NISSAN',5,10,25,'STORE','S0003',18.9,1),
('P0169','FUEL INJECTOR','NA','NISSAN',5,19,100,'STORE','S0003',46.4,1),
('P0170','TIMING BELT','NA','NISSAN',5,22,93,'STORE','S0003',50.4,1),
('P0171','FLYWHEELS','NA','NISSAN',5,46,143,'STORE','S0003',52.4,1),
('P0172','GEAR','4X2','MITSUBISHI',5,21,26,'STORE','S0003',10.8,1),
('P0173','WINDSCREEN','10X2','MITSUBISHI',4,35,34,'STORE','S0004',18.9,1),
('P0174','FRONT TYRE','20','MITSUBISHI',5,11,38,'STORE','S0003',74.4,1),
('P0175','REAR TYRE','25','MITSUBISHI',5,45,50,'STORE','S0003',82.4,1),
('P0176','SEAT LEATHER CASING','NA','MITSUBISHI',5,17,39,'STORE','S0003',89.4,1),
('P0177','STEERING WHEEL','NA','MITSUBISHI',3,28,59,'STORE','S0003',99.4,1),
('P0178','SPRING BOLT','NA','MITSUBISHI',3,26,133,'STORE','S0003',104.4,1),
('P0179','BRAKE PAD','NA','MITSUBISHI',3,25,78,'STORE','S0003',106.4,1),
('P0180','SPARK PLUG','NA','MITSUBISHI',5,7,40,'STORE','S0003',107.4,1),
('P0181','SHOCK ABSORBER','NA','MITSUBISHI',5,21,89,'STORE','S0003',116.4,1),
('P0182','SUSPENSION ARM','NA','MITSUBISHI',5,7,26,'STORE','S0003',122.4,1),
('P0183','SUSPENSION JOINT','NA','MITSUBISHI',5,1,7,'STORE','S0003',131.4,1),
('P0184','SPRING','NA','MITSUBISHI',5,1,9,'STORE','S0003',136.4,1),
('P0185','CLUTCH','NA','MITSUBISHI',4,35,109,'STORE','S0003',10.8,1),
('P0186','CLUTCH CABLE','NA','MITSUBISHI',5,5,15,'STORE','S0003',18.9,1),
('P0187','DRIVESHAFT','NA','MITSUBISHI',5,16,85,'STORE','S0003',149.4,1),
('P0188','COMPRESSOR','NA','MITSUBISHI',4,43,133,'STORE','S0003',156.4,1),
('P0189','EXPANSION TANK','1X1','MITSUBISHI',3,30,93,'STORE','S0003',163.4,1),
('P0190','DRIVING BELT','NA','MITSUBISHI',4,41,209,'STORE','S0003',168.4,1),
('P0191','DRUM BRAKE','NA','MITSUBISHI',5,18,95,'STORE','S0003',172.4,1),
('P0192','BRAKE DISC','NA','MITSUBISHI',5,1,9,'STORE','S0003',10.2,1),
('P0193','BRAKE SHOE','NA','MITSUBISHI',5,15,65,'STORE','S0004',10.4,1),
('P0194','SENSOR','NA','MITSUBISHI',3,32,67,'STORE','S0003',18.4,1),
('P0195','TAILGATE','1X2','MITSUBISHI',5,11,60,'STORE','S0003',25.4,1),
('P0196','BATTERY','NA','MITSUBISHI',5,46,97,'STORE','S0003',26.4,1),
('P0197','STARTER MOTOR','NA','MITSUBISHI',3,34,37,'STORE','S0003',33.4,1),
('P0198','GRILLES','NA','MITSUBISHI',4,42,41,'STORE','S0003',10.8,1),
('P0199','THERMOSTAT','NA','MITSUBISHI',5,10,15,'STORE','S0003',18.9,1),
('P0200','FUEL INJECTOR','NA','MITSUBISHI',5,19,43,'STORE','S0003',46.4,1),
('P0201','TIMING BELT','NA','MITSUBISHI',5,22,49,'STORE','S0003',50.4,1),
('P0202','FLYWHEELS','NA','MITSUBISHI',5,46,235,'STORE','S0003',52.4,1),
('P0203','BOLTS 1.1','1.1','LEXUS',3,27,57,'STORE','S0003',41.4,1),
('P0204','BOLTS 1.2','1.2','LEXUS',5,24,101,'STORE','S0003',46.4,1),
('P0205','BOLTS 1.3','1.3','LEXUS',5,45,50,'STORE','S0003',50.4,1),
('P0206','BOLTS 2.1','2.1','LEXUS',5,17,73,'STORE','S0003',52.4,1),
('P0207','BOLTS 2.2','2.2','LEXUS',5,2,11,'STORE','S0003',57.4,1),
('P0208','GEAR','4X2','LEXUS',5,21,110,'STORE','S0003',10.8,1),
('P0209','WINDSCREEN','10X2','LEXUS',4,35,179,'STORE','S0004',18.9,1),
('P0210','FRONT TYRE','20','LEXUS',5,11,16,'STORE','S0003',74.4,1),
('P0211','REAR TYRE','25','LEXUS',5,45,230,'STORE','S0003',82.4,1),
('P0212','SEAT LEATHER CASING','NA','LEXUS',5,17,90,'STORE','S0003',89.4,1),
('P0213','STEERING WHEEL','NA','LEXUS',3,28,59,'STORE','S0003',99.4,1),
('P0214','SPRING BOLT','NA','LEXUS',3,26,107,'STORE','S0003',104.4,1),
('P0215','BRAKE PAD','NA','LEXUS',3,25,78,'STORE','S0003',106.4,1),
('P0216','SPARK PLUG','NA','LEXUS',5,7,12,'STORE','S0003',107.4,1),
('P0217','SHOCK ABSORBER','NA','LEXUS',5,21,47,'STORE','S0003',116.4,1),
('P0218','SUSPENSION ARM','NA','LEXUS',5,7,12,'STORE','S0003',122.4,1),
('P0219','SUSPENSION JOINT','NA','LEXUS',5,1,10,'STORE','S0003',131.4,1),
('P0220','SPRING','NA','LEXUS',5,1,9,'STORE','S0003',136.4,1),
('P0221','CLUTCH','NA','LEXUS',4,35,144,'STORE','S0003',10.8,1),
('P0222','CLUTCH CABLE','NA','LEXUS',5,5,10,'STORE','S0003',18.9,1),
('P0223','DRIVESHAFT','NA','LEXUS',5,16,15,'STORE','S0003',149.4,1),
('P0224','COMPRESSOR','NA','LEXUS',4,43,90,'STORE','S0003',156.4,1),
('P0225','EXPANSION TANK','1X1','LEXUS',3,30,33,'STORE','S0003',163.4,1),
('P0226','DRIVING BELT','NA','LEXUS',4,41,86,'STORE','S0003',168.4,1),
('P0227','DRUM BRAKE','NA','LEXUS',5,18,95,'STORE','S0003',172.4,1),
('P0228','BRAKE DISC','NA','LEXUS',5,1,9,'STORE','S0003',10.2,1),
('P0229','BRAKE SHOE','NA','LEXUS',5,15,35,'STORE','S0004',10.4,1),
('P0230','SENSOR','NA','LEXUS',3,32,163,'STORE','S0003',18.4,1),
('P0231','TAILGATE','1X2','LEXUS',5,11,38,'STORE','S0003',25.4,1),
('P0232','BATTERY','NA','LEXUS',5,46,189,'STORE','S0003',26.4,1),
('P0233','STARTER MOTOR','NA','LEXUS',3,34,37,'STORE','S0003',33.4,1),
('P0234','GRILLES','NA','LEXUS',4,42,46,'STORE','S0003',10.8,1),
('P0235','THERMOSTAT','NA','LEXUS',5,10,45,'STORE','S0003',18.9,1),
('P0236','FUEL INJECTOR','NA','LEXUS',5,19,24,'STORE','S0003',46.4,1),
('P0237','TIMING BELT','NA','LEXUS',5,22,71,'STORE','S0003',50.4,1),
('P0238','FLYWHEELS','NA','LEXUS',5,46,51,'STORE','S0003',52.4,1),
('P0239','BOLTS 1.1','1.1','SUBARU',3,27,111,'STORE','S0003',41.4,1),
('P0240','BOLTS 1.2','1.2','SUBARU',5,24,53,'STORE','S0003',46.4,1),
('P0241','BOLTS 1.3','1.3','SUBARU',5,45,95,'STORE','S0003',50.4,1),
('P0242','BOLTS 2.1','2.1','SUBARU',5,17,90,'STORE','S0003',52.4,1),
('P0243','BOLTS 2.2','2.2','SUBARU',5,2,9,'STORE','S0003',57.4,1),
('P0244','GEAR','4X2','SUBARU',5,21,110,'STORE','S0003',10.8,1),
('P0245','WINDSCREEN','10X2','SUBARU',4,35,109,'STORE','S0004',18.9,1),
('P0246','FRONT TYRE','20','SUBARU',5,11,16,'STORE','S0003',74.4,1),
('P0247','REAR TYRE','25','SUBARU',5,45,230,'STORE','S0003',82.4,1),
('P0248','SEAT LEATHER CASING','NA','SUBARU',5,17,16,'STORE','S0003',89.4,1),
('P0249','STEERING WHEEL','NA','SUBARU',3,28,143,'STORE','S0003',99.4,1),
('P0250','SPRING BOLT','NA','SUBARU',3,26,29,'STORE','S0003',104.4,1),
('P0251','BRAKE PAD','NA','SUBARU',3,25,103,'STORE','S0003',106.4,1),
('P0252','SPARK PLUG','NA','SUBARU',5,7,33,'STORE','S0003',107.4,1),
('P0253','SHOCK ABSORBER','NA','SUBARU',5,21,110,'STORE','S0003',116.4,1),
('P0254','SUSPENSION ARM','NA','SUBARU',5,7,40,'STORE','S0003',122.4,1),
('P0255','SUSPENSION JOINT','NA','SUBARU',5,1,10,'STORE','S0003',131.4,1),
('P0256','SPRING','NA','SUBARU',5,1,10,'STORE','S0003',136.4,1),
('P0257','CLUTCH','NA','SUBARU',4,35,74,'STORE','S0003',10.8,1),
('P0258','CLUTCH CABLE','NA','SUBARU',5,5,30,'STORE','S0003',18.9,1),
('P0259','DRIVESHAFT','NA','SUBARU',5,16,85,'STORE','S0003',149.4,1),
('P0260','COMPRESSOR','NA','SUBARU',4,43,219,'STORE','S0003',156.4,1),
('P0261','EXPANSION TANK','1X1','SUBARU',3,30,93,'STORE','S0003',163.4,1),
('P0262','DRIVING BELT','NA','SUBARU',4,41,86,'STORE','S0003',168.4,1),
('P0263','DRUM BRAKE','NA','SUBARU',5,18,23,'STORE','S0003',172.4,1),
('P0264','BRAKE DISC','NA','SUBARU',5,1,9,'STORE','S0003',10.2,1),
('P0265','BRAKE SHOE','NA','SUBARU',5,15,50,'STORE','S0004',10.4,1),
('P0266','SENSOR','NA','SUBARU',3,32,163,'STORE','S0003',18.4,1),
('P0267','TAILGATE','1X2','SUBARU',5,11,60,'STORE','S0003',25.4,1),
('P0268','BATTERY','NA','SUBARU',5,46,189,'STORE','S0003',26.4,1),
('P0269','STARTER MOTOR','NA','SUBARU',3,34,139,'STORE','S0003',33.4,1),
('P0270','GRILLES','NA','SUBARU',4,42,46,'STORE','S0003',10.8,1),
('P0271','THERMOSTAT','NA','SUBARU',5,10,45,'STORE','S0003',18.9,1),
('P0272','FUEL INJECTOR','NA','SUBARU',5,19,81,'STORE','S0003',46.4,1),
('P0273','TIMING BELT','NA','SUBARU',5,22,21,'STORE','S0003',50.4,1),
('P0274','FLYWHEELS','NA','SUBARU',5,46,143,'STORE','S0003',52.4,1),
('P0275','BOLTS 1.1','1.1','SUZUKI',3,27,111,'STORE','S0003',41.4,1),
('P0276','BOLTS 1.2','1.2','SUZUKI',5,24,101,'STORE','S0003',46.4,1),
('P0277','BOLTS 1.3','1.3','SUZUKI',5,45,185,'STORE','S0003',50.4,1),
('P0278','BOLTS 2.1','2.1','SUZUKI',5,17,39,'STORE','S0003',52.4,1),
('P0279','BOLTS 2.2','2.2','SUZUKI',5,2,9,'STORE','S0003',57.4,1),
('P0280','GEAR','4X2','SUZUKI',5,21,47,'STORE','S0003',10.8,1),
('P0281','WINDSCREEN','10X2','SUZUKI',4,35,179,'STORE','S0004',18.9,1),
('P0282','FRONT TYRE','20','SUZUKI',5,11,49,'STORE','S0003',74.4,1),
('P0283','REAR TYRE','25','SUZUKI',5,45,230,'STORE','S0003',82.4,1),
('P0284','SEAT LEATHER CASING','NA','SUZUKI',5,17,39,'STORE','S0003',89.4,1),
('P0285','STEERING WHEEL','NA','SUZUKI',3,28,143,'STORE','S0003',99.4,1),
('P0286','SPRING BOLT','NA','SUZUKI',3,26,55,'STORE','S0003',104.4,1),
('P0287','BRAKE PAD','NA','SUZUKI',3,25,78,'STORE','S0003',106.4,1),
('P0288','SPARK PLUG','NA','SUZUKI',5,7,26,'STORE','S0003',107.4,1),
('P0289','SHOCK ABSORBER','NA','SUZUKI',5,21,47,'STORE','S0003',116.4,1),
('P0290','SUSPENSION ARM','NA','SUZUKI',5,7,12,'STORE','S0003',122.4,1),
('P0291','SUSPENSION JOINT','NA','SUZUKI',5,1,6,'STORE','S0003',131.4,1),
('P0292','SPRING','NA','SUZUKI',5,1,9,'STORE','S0003',136.4,1),
('P0293','CLUTCH','NA','SUZUKI',4,35,109,'STORE','S0003',10.8,1),
('P0294','CLUTCH CABLE','NA','SUZUKI',5,5,20,'STORE','S0003',18.9,1),
('P0295','DRIVESHAFT','NA','SUZUKI',5,16,21,'STORE','S0003',149.4,1),
('P0296','COMPRESSOR','NA','SUZUKI',4,43,47,'STORE','S0003',156.4,1),
('P0297','EXPANSION TANK','1X1','SUZUKI',3,30,153,'STORE','S0003',163.4,1),
('P0298','DRIVING BELT','NA','SUZUKI',4,41,40,'STORE','S0003',168.4,1),
('P0299','DRUM BRAKE','NA','SUZUKI',5,18,23,'STORE','S0003',172.4,1),
('P0300','BRAKE DISC','NA','SUZUKI',5,1,9,'STORE','S0003',10.2,1),
('P0301','BRAKE SHOE','NA','SUZUKI',5,15,20,'STORE','S0004',10.4,1),
('P0302','SENSOR','NA','SUZUKI',3,32,163,'STORE','S0003',18.4,1),
('P0303','TAILGATE','1X2','SUZUKI',5,11,38,'STORE','S0003',25.4,1),
('P0304','BATTERY','NA','SUZUKI',5,46,143,'STORE','S0003',26.4,1),
('P0305','STARTER MOTOR','NA','SUZUKI',3,34,105,'STORE','S0003',33.4,1),
('P0306','GRILLES','NA','SUZUKI',4,42,130,'STORE','S0003',10.8,1),
('P0307','THERMOSTAT','NA','SUZUKI',5,10,45,'STORE','S0003',18.9,1),
('P0308','FUEL INJECTOR','NA','SUZUKI',5,19,43,'STORE','S0003',46.4,1),
('P0309','TIMING BELT','NA','SUZUKI',5,22,27,'STORE','S0003',50.4,1),
('P0310','FLYWHEELS','NA','SUZUKI',5,46,189,'STORE','S0003',52.4,1),
('P0311','BOLTS 1.1','1.1','HINO',3,27,111,'STORE','S0003',41.4,1),
('P0312','BOLTS 1.2','1.2','HINO',5,24,101,'STORE','S0003',46.4,1),
('P0313','BOLTS 1.3','1.3','HINO',5,45,140,'STORE','S0003',50.4,1),
('P0314','BOLTS 2.1','2.1','HINO',5,17,22,'STORE','S0003',52.4,1),
('P0315','BOLTS 2.2','2.2','HINO',5,2,9,'STORE','S0003',57.4,1),
('P0316','GEAR','4X2','HINO',5,21,68,'STORE','S0003',10.8,1),
('P0317','WINDSCREEN','10X2','HINO',4,35,74,'STORE','S0004',18.9,1),
('P0318','FRONT TYRE','20','HINO',5,11,60,'STORE','S0003',74.4,1),
('P0319','REAR TYRE','25','HINO',5,45,230,'STORE','S0003',82.4,1),
('P0320','SEAT LEATHER CASING','NA','HINO',5,17,39,'STORE','S0003',89.4,1),
('P0321','STEERING WHEEL','NA','HINO',3,28,59,'STORE','S0003',99.4,1),
('P0322','SPRING BOLT','NA','HINO',3,26,107,'STORE','S0003',104.4,1),
('P0323','BRAKE PAD','NA','HINO',3,25,24,'STORE','S0003',106.4,1),
('P0324','SPARK PLUG','NA','HINO',5,7,33,'STORE','S0003',107.4,1),
('P0325','SHOCK ABSORBER','NA','HINO',5,21,68,'STORE','S0003',116.4,1),
('P0326','SUSPENSION ARM','NA','HINO',5,7,40,'STORE','S0003',122.4,1),
('P0327','SUSPENSION JOINT','NA','HINO',5,1,7,'STORE','S0003',131.4,1),
('P0328','SPRING','NA','HINO',5,1,6,'STORE','S0003',136.4,1),
('P0329','CLUTCH','NA','HINO',4,35,179,'STORE','S0003',10.8,1),
('P0330','CLUTCH CABLE','NA','HINO',5,5,15,'STORE','S0003',18.9,1),
('P0331','DRIVESHAFT','NA','HINO',5,16,69,'STORE','S0003',149.4,1),
('P0332','COMPRESSOR','NA','HINO',4,43,47,'STORE','S0003',156.4,1),
('P0333','EXPANSION TANK','1X1','HINO',3,30,33,'STORE','S0003',163.4,1),
('P0334','DRIVING BELT','NA','HINO',4,41,209,'STORE','S0003',168.4,1),
('P0335','DRUM BRAKE','NA','HINO',5,18,41,'STORE','S0003',172.4,1),
('P0336','BRAKE DISC','NA','HINO',5,1,7,'STORE','S0003',10.2,1),
('P0337','BRAKE SHOE','NA','HINO',5,15,50,'STORE','S0004',10.4,1),
('P0338','SENSOR','NA','HINO',3,32,67,'STORE','S0003',18.4,1),
('P0339','TAILGATE','1X2','HINO',5,11,16,'STORE','S0003',25.4,1),
('P0340','BATTERY','NA','HINO',5,46,189,'STORE','S0003',26.4,1),
('P0341','STARTER MOTOR','NA','HINO',3,34,37,'STORE','S0003',33.4,1),
('P0342','GRILLES','NA','HINO',4,42,46,'STORE','S0003',10.8,1),
('P0343','THERMOSTAT','NA','HINO',5,10,35,'STORE','S0003',18.9,1),
('P0344','FUEL INJECTOR','NA','HINO',5,19,24,'STORE','S0003',46.4,1),
('P0345','TIMING BELT','NA','HINO',5,22,93,'STORE','S0003',50.4,1),
('P0346','FLYWHEELS','NA','HINO',5,46,235,'STORE','S0003',52.4,1),
('P0347','BOLTS 1.1','1.1','DAIHATSU',3,27,138,'STORE','S0003',41.4,1),
('P0348','BOLTS 1.2','1.2','DAIHATSU',5,24,23,'STORE','S0003',46.4,1),
('P0349','BOLTS 1.3','1.3','DAIHATSU',5,45,185,'STORE','S0003',50.4,1),
('P0350','BOLTS 2.1','2.1','DAIHATSU',5,17,39,'STORE','S0003',52.4,1),
('P0351','BOLTS 2.2','2.2','DAIHATSU',5,2,7,'STORE','S0003',57.4,1),
('P0352','GEAR','4X2','DAIHATSU',5,21,47,'STORE','S0003',10.8,1),
('P0353','WINDSCREEN','10X2','DAIHATSU',4,35,144,'STORE','S0004',18.9,1),
('P0354','FRONT TYRE','20','DAIHATSU',5,11,49,'STORE','S0003',74.4,1),
('P0355','REAR TYRE','25','DAIHATSU',5,45,95,'STORE','S0003',82.4,1),
('P0356','SEAT LEATHER CASING','NA','DAIHATSU',5,17,90,'STORE','S0003',89.4,1),
('P0357','STEERING WHEEL','NA','DAIHATSU',3,28,31,'STORE','S0003',99.4,1),
('P0358','SPRING BOLT','NA','DAIHATSU',3,26,107,'STORE','S0003',104.4,1),
('P0359','BRAKE PAD','NA','DAIHATSU',3,25,78,'STORE','S0003',106.4,1),
('P0360','SPARK PLUG','NA','DAIHATSU',5,7,40,'STORE','S0003',107.4,1),
('P0361','SHOCK ABSORBER','NA','DAIHATSU',5,21,110,'STORE','S0003',116.4,1),
('P0362','SUSPENSION ARM','NA','DAIHATSU',5,7,12,'STORE','S0003',122.4,1),
('P0363','SUSPENSION JOINT','NA','DAIHATSU',5,1,6,'STORE','S0003',131.4,1),
('P0364','SPRING','NA','DAIHATSU',5,1,8,'STORE','S0003',136.4,1),
('P0365','CLUTCH','NA','DAIHATSU',4,35,144,'STORE','S0003',10.8,1),
('P0366','CLUTCH CABLE','NA','DAIHATSU',5,5,15,'STORE','S0003',18.9,1),
('P0367','DRIVESHAFT','NA','DAIHATSU',5,16,85,'STORE','S0003',149.4,1),
('P0368','COMPRESSOR','NA','DAIHATSU',4,43,47,'STORE','S0003',156.4,1),
('P0369','EXPANSION TANK','1X1','DAIHATSU',3,30,33,'STORE','S0003',163.4,1),
('P0370','DRIVING BELT','NA','DAIHATSU',4,41,168,'STORE','S0003',168.4,1),
('P0371','DRUM BRAKE','NA','DAIHATSU',5,18,59,'STORE','S0003',172.4,1),
('P0372','BRAKE DISC','NA','DAIHATSU',5,1,10,'STORE','S0003',10.2,1),
('P0373','BRAKE SHOE','NA','DAIHATSU',5,15,14,'STORE','S0004',10.4,1),
('P0374','SENSOR','NA','DAIHATSU',3,32,163,'STORE','S0003',18.4,1),
('P0375','TAILGATE','1X2','DAIHATSU',5,11,60,'STORE','S0003',25.4,1),
('P0376','BATTERY','NA','DAIHATSU',5,46,97,'STORE','S0003',26.4,1),
('P0377','STARTER MOTOR','NA','DAIHATSU',3,34,71,'STORE','S0003',33.4,1),
('P0378','GRILLES','NA','DAIHATSU',4,42,88,'STORE','S0003',10.8,1),
('P0379','THERMOSTAT','NA','DAIHATSU',5,10,25,'STORE','S0003',18.9,1),
('P0380','FUEL INJECTOR','NA','DAIHATSU',5,19,62,'STORE','S0003',46.4,1),
('P0381','TIMING BELT','NA','DAIHATSU',5,22,71,'STORE','S0003',50.4,1),
('P0382','FLYWHEELS','NA','DAIHATSU',5,46,51,'STORE','S0003',52.4,1);




INSERT INTO `stockist4`.`transactions` (transaction_no,transaction_date,transaction_type,created_by,created_for) VALUES 
('T0001','2017-05-05','PO','admin','NISSAN JAPAN'),
('T0002','2017-05-06','WO','mech1','Grande Dame'),
('T0003','2017-05-07','PO','admin','HONDA ASIA PACIFIC PTE LTD'),
('T0004','2017-05-08','WO','mech2','Pinocchio'),
('T0005','2017-05-09','PO','admin','TOYOTA APAC'),
('T0006','2017-05-10','WO','mech3','Ariel LovesWater'),
('T0007','2017-05-11','PO','admin1','MAZDA JAPAN'),
('T0008','2017-05-12','WO','mech4','Heath Mayherip'),
('T0009','2017-05-13','PO','admin','TOYOTA APAC'),
('T0010','2017-05-14','WO','mech2','Pinocchio'),
('T0011','2017-05-15','PO','admin','HONDA HEADQUARTERS'),
('T0012','2017-05-16','WO','mech3','Angeline Jolly'),
('T0013','2017-05-17','PO','admin','HONDA HEADQUARTERS'),
('T0014','2017-05-18','WO','mech4','Jennifer Anyson'),
('T0015','2017-05-19','PO','admin1','HONDA HEADQUARTERS'),
('T0016','2017-05-20','WO','mech1','Edward Carlen'),
('T0017','2017-05-21','PO','admin','HOUSE OF MIRRORS'),
('T0018','2017-05-22','WO','mech3','Jack Spare Roll'),
('T0019','2017-05-23','PO','admin','HOUSE OF MIRRORS'),
('T0020','2017-05-24','WO','mech4','Postmaster Getslave'),
('T0021','2017-05-25','PO','admin','NISSAN JAPAN'),
('T0022','2017-05-26','WO','mech3','Imso Tiredandslipy'),
('T0023','2017-05-27','PO','admin1','TOYOTA APAC'),
('T0024','2017-05-28','WO','mech3','Guessy Guo'),
('T0025','2017-05-29','PO','admin','HONDA HEADQUARTERS'),
('T0026','2017-05-30','WO','mech4','Foilsa Pileguin'),
('T0027','2017-06-01','PO','admin','HONDA HEADQUARTERS');


INSERT INTO `stockist4`.`transactionlines` (transaction_no,line_no,product_no,posted_qty) VALUES 
('T0001',1,'P0131',255),
('T0001',2,'P0106',140),
('T0001',3,'P0076',209),
('T0002',1,'P0048',-84),
('T0002',2,'P0106',-5),
('T0002',3,'P0123',-148),
('T0003',1,'P0049',55),
('T0003',2,'P0019',214),
('T0003',3,'P0032',267),
('T0004',1,'P0166',-236),
('T0005',1,'P0046',39),
('T0006',1,'P0022',-39),
('T0007',1,'P0046',280),
('T0008',1,'P0140',-167),
('T0009',1,'P0022',272),
('T0009',2,'P0093',213),
('T0010',1,'P0081',-100),
('T0010',2,'P0160',-218),
('T0010',3,'P0023',-265),
('T0011',1,'P0126',30),
('T0012',1,'P0143',-51),
('T0013',1,'P0072',111),
('T0014',1,'P0096',-1),
('T0015',1,'P0161',54),
('T0016',1,'P0161',-100),
('T0017',1,'P0094',174),
('T0018',1,'P0034',-110),
('T0019',1,'P0034',151),
('T0020',1,'P0051',-171),
('T0021',1,'P0130',233),
('T0022',1,'P0034',-141),
('T0023',1,'P0051',213),
('T0024',1,'P0110',-104),
('T0025',1,'P0093',15),
('T0026',1,'P0130',-238),
('T0026',2,'P0093',-290),
('T0026',3,'P0162',-205),
('T0027',1,'P0169',204);

INSERT INTO `stockist4`.`runningnumbers` (name,value) VALUES 
('products',382),
('suppliers',16),
('transactions',27);
